NLMK;D;191217;000000;141.9900000;142.5800000;140.6000000;141.5500000;2438700
NLMK;D;201217;000000;141.0300000;143.1200000;140.2300000;141.8500000;2232890
NLMK;D;211217;000000;142.2700000;146.9500000;141.1900000;145.7500000;3073750
NLMK;D;221217;000000;145.4000000;146.5000000;143.6800000;146.5000000;1402370
NLMK;D;251217;000000;146.2700000;146.2900000;144.6500000;145.0000000;542400
NLMK;D;261217;000000;145.1200000;148.9700000;145.0100000;147.2300000;2468820
NLMK;D;271217;000000;147.0200000;148.7000000;145.5000000;148.2500000;2410290
NLMK;D;281217;000000;147.8800000;149.3000000;146.5200000;147.0000000;2065020
NLMK;D;291217;000000;146.6400000;148.4700000;146.6400000;147.2200000;2085520
NLMK;D;030118;000000;147.8200000;149.5800000;147.7000000;149.0000000;1700950
NLMK;D;040118;000000;148.5400000;153.0200000;148.2500000;153.0000000;3517380
NLMK;D;050118;000000;148.5000000;149.6500000;146.1000000;146.4600000;6704590
NLMK;D;090118;000000;147.1700000;149.2600000;145.0300000;149.2500000;4598190
NLMK;D;100118;000000;148.8300000;149.9000000;147.3400000;149.9000000;2653480
NLMK;D;110118;000000;149.7800000;151.6300000;148.6200000;150.4000000;2261220
NLMK;D;120118;000000;149.8500000;153.9100000;149.1100000;153.5900000;3002490
NLMK;D;150118;000000;153.5000000;154.8000000;152.2100000;152.5000000;2471600
NLMK;D;160118;000000;152.3300000;152.8000000;148.6600000;150.8800000;3259180
NLMK;D;170118;000000;150.1000000;151.9400000;148.1200000;151.7000000;3121350
NLMK;D;180118;000000;151.5100000;153.0000000;150.3100000;152.8000000;3927820
NLMK;D;190118;000000;152.4900000;155.8100000;151.5100000;154.9500000;3725840
NLMK;D;220118;000000;155.0000000;157.4400000;153.9200000;157.1400000;4397610
NLMK;D;230118;000000;156.7900000;157.0200000;151.0000000;153.7000000;3159460
NLMK;D;240118;000000;153.0000000;153.4500000;150.0500000;150.7000000;2948060
NLMK;D;250118;000000;150.7000000;155.7900000;150.1400000;154.0000000;5124710
NLMK;D;260118;000000;153.9700000;153.9900000;150.6000000;153.9300000;2801420
NLMK;D;290118;000000;153.3000000;154.9000000;152.0000000;153.1900000;1945040
NLMK;D;300118;000000;152.0200000;152.3500000;149.6000000;150.9000000;2419720
NLMK;D;310118;000000;150.7500000;150.7600000;147.0000000;147.0000000;3330000
NLMK;D;010218;000000;147.4100000;150.6300000;145.7400000;150.4000000;3090820
NLMK;D;020218;000000;150.1000000;150.8000000;145.3800000;146.1400000;3892050
NLMK;D;050218;000000;145.6600000;147.1000000;142.3100000;147.1000000;4088340
NLMK;D;060218;000000;144.0600000;145.9900000;139.4100000;144.7800000;6608970
NLMK;D;070218;000000;144.9700000;148.0000000;144.9700000;146.0500000;4900590
NLMK;D;080218;000000;146.7000000;146.7000000;141.2400000;143.0000000;3904260
NLMK;D;090218;000000;141.0000000;142.5000000;137.7700000;137.9500000;6348150
NLMK;D;120218;000000;139.0500000;144.9800000;138.9600000;143.7000000;5446580
NLMK;D;130218;000000;143.8000000;148.8400000;143.1400000;148.7900000;4953740
NLMK;D;140218;000000;148.5000000;149.7800000;145.3300000;147.6800000;4946050
NLMK;D;150218;000000;148.6000000;149.2000000;146.8400000;148.0500000;3464520
NLMK;D;160218;000000;148.7900000;150.0000000;147.6500000;149.2400000;2933760
NLMK;D;190218;000000;149.9900000;153.5900000;149.2800000;152.8900000;4316380
NLMK;D;200218;000000;152.3900000;156.0000000;151.5000000;153.0000000;6502540
NLMK;D;210218;000000;152.9200000;152.9200000;147.8900000;148.3000000;5280800
NLMK;D;220218;000000;148.1700000;149.9500000;146.1500000;148.5600000;4781570
NLMK;D;260218;000000;149.3400000;150.9000000;147.0000000;148.7300000;4213590
NLMK;D;270218;000000;148.4800000;148.4800000;145.5000000;146.6500000;3591380
NLMK;D;280218;000000;145.9000000;147.5000000;144.2900000;146.1000000;4787500
NLMK;D;010318;000000;146.1000000;147.7500000;145.0600000;145.8300000;2762730
NLMK;D;020318;000000;145.3700000;145.7900000;141.6300000;144.4500000;3371910
NLMK;D;050318;000000;143.7200000;147.4000000;143.3000000;146.9000000;3116020
NLMK;D;060318;000000;146.6600000;147.2700000;143.7800000;145.3600000;3052070
NLMK;D;070318;000000;144.5100000;146.3700000;143.0900000;146.3000000;5256110
NLMK;D;090318;000000;145.5100000;146.0000000;144.2200000;145.5500000;3289090
NLMK;D;120318;000000;145.0500000;149.4500000;145.0500000;149.4500000;3796410
NLMK;D;130318;000000;149.3100000;150.9900000;147.8000000;150.9900000;4522900
NLMK;D;140318;000000;149.9900000;152.4300000;148.3400000;150.0000000;4565140
NLMK;D;150318;000000;149.7400000;150.3900000;147.3400000;148.2700000;4749010
NLMK;D;160318;000000;148.3100000;155.7900000;146.2400000;153.0000000;13311900
NLMK;D;190318;000000;153.7000000;154.4400000;147.8100000;148.2000000;4415730
NLMK;D;200318;000000;149.0300000;149.4800000;146.5100000;148.0400000;4930160
NLMK;D;210318;000000;148.0000000;149.9700000;147.6000000;148.5000000;3319450
NLMK;D;220318;000000;148.2000000;149.4200000;147.0000000;149.2000000;2556410
NLMK;D;230318;000000;147.0000000;148.5400000;143.6100000;148.5400000;5304070
NLMK;D;260318;000000;147.9000000;148.6700000;146.3500000;146.3500000;2733860
NLMK;D;270318;000000;147.0000000;148.9600000;146.1500000;146.6300000;3264370
NLMK;D;280318;000000;146.6000000;147.2700000;141.5500000;142.0600000;3316490
NLMK;D;290318;000000;142.8800000;144.9800000;142.3100000;144.2200000;2780140
NLMK;D;300318;000000;144.5900000;145.3400000;143.5000000;143.5000000;979690
NLMK;D;020418;000000;144.2000000;146.1000000;142.5800000;142.5800000;1416320
NLMK;D;030418;000000;143.4600000;144.4500000;141.6000000;144.2500000;2086100
NLMK;D;040418;000000;144.3000000;145.3200000;142.7000000;145.2800000;2118040
NLMK;D;050418;000000;145.5300000;149.1400000;145.5300000;148.9000000;2628710
NLMK;D;060418;000000;147.2400000;153.7000000;147.2200000;150.4200000;4596100
NLMK;D;090418;000000;149.9600000;150.7200000;138.6300000;143.3100000;8348140
NLMK;D;100418;000000;143.3000000;155.2500000;143.0000000;151.8200000;7181290
NLMK;D;110418;000000;151.5000000;154.7100000;149.1000000;150.8200000;4623350
NLMK;D;120418;000000;151.8100000;152.0000000;147.1400000;148.0000000;3816040
NLMK;D;130418;000000;148.0800000;151.7000000;147.0100000;147.1100000;4356220
NLMK;D;160418;000000;147.9700000;148.8400000;143.1900000;145.0000000;4289760
NLMK;D;170418;000000;146.0000000;148.1900000;144.3600000;148.1900000;4421160
NLMK;D;180418;000000;148.0600000;151.9700000;148.0600000;151.5000000;4074910
NLMK;D;190418;000000;151.0600000;151.8600000;149.0100000;151.0000000;2462410
NLMK;D;200418;000000;150.2200000;153.6900000;149.7500000;151.8100000;1746910
NLMK;D;230418;000000;151.8100000;153.9000000;150.9000000;153.9000000;3747110
NLMK;D;240418;000000;154.0500000;155.9600000;153.0400000;154.6500000;5041850
NLMK;D;250418;000000;154.1000000;158.9300000;153.1400000;158.1500000;3475120
NLMK;D;260418;000000;158.6400000;161.6100000;157.4200000;160.5000000;4177930
NLMK;D;270418;000000;161.0700000;162.9000000;160.8000000;162.0500000;2898660
NLMK;D;280418;000000;162.3100000;163.4300000;161.1200000;163.3500000;585990
NLMK;D;300418;000000;163.2100000;164.1700000;158.2500000;161.1600000;3956770
NLMK;D;020518;000000;162.1800000;162.1800000;157.7400000;157.7400000;3844310
NLMK;D;030518;000000;158.2500000;159.4000000;153.3400000;153.3400000;7228170
NLMK;D;040518;000000;154.4500000;155.4700000;153.1800000;153.8000000;4008020
NLMK;D;070518;000000;154.3500000;158.6900000;154.3400000;157.4000000;3205770
NLMK;D;080518;000000;157.4000000;157.8800000;154.5000000;157.8800000;5127130
NLMK;D;100518;000000;157.8800000;158.3500000;154.0000000;154.7000000;6041360
NLMK;D;110518;000000;155.2000000;157.8800000;154.8000000;157.8800000;5081520
NLMK;D;140518;000000;157.7000000;163.2900000;155.9700000;163.2700000;5854790
NLMK;D;150518;000000;163.2700000;163.9500000;158.8100000;158.8100000;4984700
NLMK;D;160518;000000;159.0800000;161.7900000;157.4400000;161.4100000;6145780
NLMK;D;170518;000000;161.7800000;162.2500000;159.2000000;159.3200000;3083090
NLMK;D;180518;000000;159.5500000;164.2600000;159.3700000;162.5000000;3387310
NLMK;D;210518;000000;163.1600000;163.5800000;161.3000000;161.5600000;2347070
NLMK;D;220518;000000;161.9000000;162.1600000;159.6000000;159.9400000;1786650
NLMK;D;230518;000000;159.9400000;164.9000000;159.0500000;159.5000000;3124210
NLMK;D;240518;000000;160.0000000;163.0000000;159.6100000;163.0000000;2565460
NLMK;D;250518;000000;163.0300000;164.5200000;161.4200000;162.8500000;3501070
NLMK;D;280518;000000;163.0000000;164.0000000;162.3500000;162.7500000;756550
NLMK;D;290518;000000;163.4900000;163.9500000;161.0000000;161.6500000;2829770
NLMK;D;300518;000000;161.2600000;164.8200000;161.2600000;163.2700000;3079860
NLMK;D;310518;000000;164.3600000;166.2200000;163.1500000;163.1500000;6985670
NLMK;D;010618;000000;164.2300000;164.9300000;162.0000000;162.0000000;2830200
NLMK;D;040618;000000;162.8100000;167.6900000;161.5200000;167.6600000;4234310
NLMK;D;050618;000000;167.7200000;171.6700000;166.8600000;171.3000000;3361430
NLMK;D;060618;000000;170.5500000;173.7500000;170.2800000;170.6700000;3699860
NLMK;D;070618;000000;171.4900000;173.3000000;171.0100000;172.1900000;2586380
NLMK;D;080618;000000;171.9500000;173.1700000;168.5900000;168.8600000;4190070
NLMK;D;090618;000000;169.7000000;171.4900000;169.0000000;171.2700000;245530
NLMK;D;110618;000000;171.4600000;173.2700000;169.9300000;170.5000000;2941780
NLMK;D;130618;000000;171.0200000;173.3200000;170.8500000;171.0100000;2139400
NLMK;D;140618;000000;171.3200000;171.7500000;169.1100000;169.1100000;1998780
NLMK;D;150618;000000;169.9100000;170.1300000;168.5100000;168.5700000;4643760
NLMK;D;180618;000000;169.1800000;170.6900000;166.8800000;167.3000000;5955640
NLMK;D;190618;000000;159.5000000;159.5000000;151.0000000;153.6800000;7096980
NLMK;D;200618;000000;154.5000000;156.9700000;154.5000000;155.0100000;3214360
NLMK;D;210618;000000;155.7900000;158.1900000;154.5300000;157.4400000;3395810
NLMK;D;220618;000000;157.9000000;159.1800000;156.2500000;157.7400000;2252200
NLMK;D;250618;000000;157.5000000;159.4400000;154.6500000;154.6500000;1923800
NLMK;D;260618;000000;155.2200000;157.8500000;153.1300000;154.9400000;2957000
NLMK;D;270618;000000;155.1500000;155.5500000;152.0800000;153.7000000;2749170
NLMK;D;280618;000000;154.2000000;154.2500000;148.4700000;148.5900000;5119320
NLMK;D;290618;000000;149.7200000;152.9000000;149.3400000;151.8400000;3795690
NLMK;D;020718;000000;151.7900000;154.7000000;151.1000000;154.7000000;4073510
NLMK;D;030718;000000;154.3100000;155.0000000;151.7000000;153.0100000;3752880
NLMK;D;040718;000000;153.0500000;153.3200000;150.5700000;151.5300000;1756070
NLMK;D;050718;000000;150.8000000;154.2700000;150.4100000;154.2700000;2186620
NLMK;D;060718;000000;153.7000000;154.4500000;151.1500000;154.2700000;3413790
NLMK;D;090718;000000;154.2700000;158.0000000;154.0200000;157.4200000;3000400
NLMK;D;100718;000000;157.9600000;161.3600000;157.7000000;161.0000000;3071060
NLMK;D;110718;000000;159.3000000;159.8800000;157.0300000;158.5900000;3020890
NLMK;D;120718;000000;158.4200000;158.4200000;154.2400000;155.6500000;2447520
NLMK;D;130718;000000;156.4800000;158.0200000;155.7300000;158.0200000;1795670
NLMK;D;160718;000000;158.5200000;158.8300000;155.3300000;156.8900000;2056550
NLMK;D;170718;000000;156.9000000;158.4000000;154.6000000;157.0800000;2953150
NLMK;D;180718;000000;157.7900000;161.2800000;156.7400000;161.1000000;3120670
NLMK;D;190718;000000;162.0000000;163.0700000;158.7000000;159.8800000;3023470
NLMK;D;200718;000000;159.6000000;161.1600000;157.8200000;159.4600000;2317750
NLMK;D;230718;000000;159.5000000;161.3800000;158.0800000;159.4200000;1392050
NLMK;D;240718;000000;159.0100000;163.1900000;158.5500000;162.7500000;1865780
NLMK;D;250718;000000;161.2700000;163.9200000;160.9500000;161.0000000;1784350
NLMK;D;260718;000000;161.5000000;163.7800000;161.5000000;163.4500000;1990110
NLMK;D;270718;000000;163.0000000;164.0000000;162.0200000;163.6400000;1987200
NLMK;D;300718;000000;163.6900000;163.7800000;161.7500000;163.3000000;1816340
NLMK;D;310718;000000;162.8300000;162.9800000;160.3400000;162.4000000;3383450
NLMK;D;010818;000000;162.4000000;162.8400000;160.2000000;160.3200000;1621560
NLMK;D;020818;000000;160.6800000;161.9400000;158.5400000;159.8000000;1744140
NLMK;D;030818;000000;159.9400000;163.1200000;158.5400000;163.1200000;2229300
NLMK;D;060818;000000;163.0000000;164.6000000;161.8200000;161.8200000;1998940
NLMK;D;070818;000000;162.8600000;162.8800000;159.2800000;160.3200000;1347840
NLMK;D;080818;000000;160.0000000;161.0400000;155.5000000;158.9000000;3002950
NLMK;D;090818;000000;158.9800000;160.6200000;156.3600000;160.6200000;2193510
NLMK;D;100818;000000;156.0000000;157.6400000;148.7400000;152.0000000;5265070
NLMK;D;130818;000000;152.0000000;157.4400000;150.2400000;155.9000000;4526770
NLMK;D;140818;000000;156.0000000;156.9200000;153.1200000;155.4800000;3181060
NLMK;D;150818;000000;155.8800000;156.0000000;152.5200000;155.5400000;3817890
NLMK;D;160818;000000;154.6200000;155.4600000;153.3800000;153.3800000;1848560
NLMK;D;170818;000000;153.9200000;156.3600000;153.3200000;155.1600000;3040150
NLMK;D;200818;000000;156.4400000;158.4400000;155.6200000;157.7400000;1413290
NLMK;D;210818;000000;157.7800000;158.9800000;156.4000000;158.8000000;1381180
NLMK;D;220818;000000;158.8400000;161.1000000;156.9800000;160.7000000;2679950
NLMK;D;230818;000000;160.2600000;161.3600000;157.4600000;158.0000000;2079300
NLMK;D;240818;000000;158.0000000;159.5000000;155.7600000;159.5000000;2582180
NLMK;D;270818;000000;158.6000000;160.2000000;157.8400000;160.2000000;998030
NLMK;D;280818;000000;160.0000000;166.3400000;159.6400000;165.2000000;3269290
NLMK;D;290818;000000;164.9000000;169.0000000;164.7400000;168.3200000;2814030
NLMK;D;300818;000000;168.5000000;168.8800000;166.3600000;168.0000000;2536620
NLMK;D;310818;000000;167.1600000;167.2800000;163.9600000;165.6600000;3313640
NLMK;D;030918;000000;166.2000000;169.4400000;165.5000000;168.6000000;1701350
NLMK;D;040918;000000;168.6000000;169.1200000;164.7400000;164.7400000;2143310
NLMK;D;050918;000000;165.1000000;166.7600000;163.7800000;163.7800000;1679600
NLMK;D;060918;000000;163.7800000;165.7000000;163.4000000;163.5000000;1342540
NLMK;D;070918;000000;164.8600000;166.0000000;162.5200000;165.9400000;1676260
NLMK;D;100918;000000;165.7800000;170.0000000;165.1000000;170.0000000;2470360
NLMK;D;110918;000000;169.4600000;171.1000000;167.8000000;169.3600000;1865380
NLMK;D;120918;000000;168.8200000;169.9800000;168.0600000;169.7800000;1972310
NLMK;D;130918;000000;169.7400000;171.2800000;168.0200000;169.5200000;1867640
NLMK;D;140918;000000;169.4600000;170.3800000;168.5200000;170.2000000;1324140
NLMK;D;170918;000000;170.0200000;172.3000000;169.0000000;171.3400000;1808890
NLMK;D;180918;000000;171.5000000;173.9800000;170.1600000;173.3600000;3233080
NLMK;D;190918;000000;173.2000000;175.2000000;171.1200000;172.3400000;3852180
NLMK;D;200918;000000;173.0400000;176.9800000;172.5000000;174.8800000;4595360
NLMK;D;210918;000000;175.0200000;177.8200000;173.7200000;177.8200000;4232730
NLMK;D;240918;000000;177.3000000;179.6800000;175.3200000;176.6000000;1767620
NLMK;D;250918;000000;176.5000000;177.5200000;174.9000000;177.5200000;1355860
NLMK;D;260918;000000;177.4600000;177.9000000;171.5600000;171.5600000;3242840
NLMK;D;270918;000000;172.2600000;179.0000000;172.2400000;179.0000000;3642860
NLMK;D;280918;000000;178.9400000;178.9400000;175.1800000;177.9000000;2296590
NLMK;D;011018;000000;178.3800000;178.6200000;177.0000000;177.2200000;2066890
NLMK;D;021018;000000;177.9000000;179.5200000;177.2800000;178.5000000;1606630
NLMK;D;031018;000000;179.2400000;184.1400000;178.1000000;184.0000000;3474230
NLMK;D;041018;000000;183.7600000;184.8800000;181.7400000;182.0000000;2974760
NLMK;D;051018;000000;182.5000000;182.9800000;178.1000000;178.1000000;2224610
NLMK;D;081018;000000;179.3200000;180.9600000;178.4200000;178.4200000;2347000
NLMK;D;091018;000000;179.1000000;181.8000000;178.1000000;180.4000000;2268350
NLMK;D;101018;000000;179.1600000;180.8000000;176.0800000;176.3400000;2376640
NLMK;D;111018;000000;171.5600000;171.5600000;165.8200000;167.1000000;5095450
NLMK;D;121018;000000;167.5800000;168.3600000;165.2600000;168.2600000;1864770
NLMK;D;151018;000000;168.4800000;169.5800000;164.6000000;165.0000000;1888920
NLMK;D;161018;000000;165.2000000;167.9400000;163.9000000;167.8600000;3007760
NLMK;D;171018;000000;167.9600000;172.3000000;167.9600000;171.3000000;2812570
NLMK;D;181018;000000;171.1800000;171.6000000;166.0000000;166.0000000;2501050
NLMK;D;191018;000000;166.8000000;167.2800000;160.4000000;160.4000000;3477380
NLMK;D;221018;000000;161.8800000;161.9200000;157.5800000;158.5000000;2610840
NLMK;D;231018;000000;157.5200000;161.0200000;156.2800000;158.2000000;3261840
NLMK;D;241018;000000;159.3000000;162.3200000;156.5200000;156.7000000;4077280
NLMK;D;251018;000000;155.9800000;161.0600000;155.4200000;161.0000000;5612040
NLMK;D;261018;000000;160.9800000;160.9800000;155.6200000;158.7200000;2811920
NLMK;D;291018;000000;157.9600000;160.4800000;157.2200000;159.8400000;1621040
NLMK;D;301018;000000;159.3400000;160.4600000;156.1000000;158.0200000;2258510
NLMK;D;311018;000000;158.6800000;160.7800000;158.3800000;160.4200000;3094830
NLMK;D;011118;000000;159.7800000;160.2200000;156.9000000;159.0600000;3191920
NLMK;D;021118;000000;159.8600000;160.4800000;157.0200000;157.9400000;4011100
NLMK;D;061118;000000;158.2600000;158.7000000;157.0200000;157.9200000;2527940
NLMK;D;071118;000000;157.4600000;158.5000000;156.3000000;157.6000000;3351350
NLMK;D;081118;000000;157.6200000;158.2000000;156.8000000;156.8000000;2192830
NLMK;D;091118;000000;156.7000000;161.8800000;155.1200000;161.7400000;7088670
NLMK;D;121118;000000;161.8000000;163.3600000;160.5200000;160.9600000;2345770
NLMK;D;131118;000000;160.4600000;165.0000000;159.4000000;164.0000000;3194940
NLMK;D;141118;000000;164.0000000;166.5000000;163.0000000;164.6000000;3818090
NLMK;D;151118;000000;165.0600000;165.8200000;164.0000000;164.3800000;1895460
NLMK;D;161118;000000;164.3000000;164.8000000;162.0000000;164.2600000;1591800
NLMK;D;191118;000000;163.8000000;164.1400000;162.1600000;163.2400000;2205180
NLMK;D;201118;000000;162.8600000;163.5000000;160.9600000;163.5000000;2400210
NLMK;D;211118;000000;163.2200000;164.5400000;161.4800000;162.6600000;3529060
NLMK;D;221118;000000;162.5200000;164.3800000;162.5200000;163.8600000;2233060
NLMK;D;231118;000000;163.6800000;165.7400000;162.5400000;164.8600000;2620510
NLMK;D;261118;000000;165.4200000;165.8800000;160.6400000;162.2800000;2741940
NLMK;D;271118;000000;163.0000000;164.9400000;161.1800000;161.2000000;3973430
NLMK;D;281118;000000;161.9200000;162.3200000;158.6000000;159.0400000;3979000
NLMK;D;291118;000000;159.6200000;163.2400000;159.0600000;160.9600000;2881150
NLMK;D;301118;000000;161.0000000;161.7600000;157.2000000;158.3600000;4860770
NLMK;D;031218;000000;159.7000000;162.6200000;159.5000000;161.4400000;3286640
NLMK;D;041218;000000;161.2000000;161.2200000;159.1000000;161.1400000;3510700
NLMK;D;051218;000000;160.4200000;161.8400000;156.6200000;158.3800000;5121320
NLMK;D;061218;000000;157.5000000;157.9800000;156.2000000;157.7600000;2726120
NLMK;D;071218;000000;158.3800000;159.4600000;156.5000000;158.3600000;3109680
NLMK;D;101218;000000;158.2000000;158.4400000;156.0000000;156.0000000;3754350
NLMK;D;111218;000000;156.4800000;158.2400000;155.4600000;156.2600000;2924320
NLMK;D;121218;000000;156.1200000;157.6000000;155.6600000;156.5600000;2210860
NLMK;D;131218;000000;156.0400000;156.6200000;153.0000000;154.1600000;3787840
NLMK;D;141218;000000;153.8200000;153.9000000;150.7400000;151.6400000;2138860
NLMK;D;171218;000000;152.0400000;154.4400000;151.2000000;153.8400000;2370580
NLMK;D;181218;000000;153.1600000;155.7400000;152.0400000;154.8800000;2225640
NLMK;D;191218;000000;154.7600000;156.2600000;152.8000000;153.9600000;4514110
NLMK;D;201218;000000;153.2200000;153.5800000;151.4000000;153.1000000;3773600
NLMK;D;211218;000000;152.5000000;153.3800000;151.7600000;151.9200000;3067580
NLMK;D;241218;000000;152.0200000;154.2400000;152.0000000;153.8800000;1264630
NLMK;D;251218;000000;152.9000000;152.9600000;150.2000000;151.5400000;1137500
NLMK;D;261218;000000;151.5400000;152.9800000;148.7200000;150.9800000;1175320
NLMK;D;271218;000000;152.2600000;153.1000000;151.3400000;151.9800000;1846580
NLMK;D;281218;000000;152.4400000;157.4600000;152.4400000;157.0000000;3103080
NLMK;D;291218;000000;157.2000000;157.9200000;156.3600000;157.4200000;506700
NLMK;D;030119;000000;156.4800000;157.3400000;154.8000000;157.3400000;2893390
NLMK;D;040119;000000;156.9800000;157.4600000;154.8000000;155.6800000;2910190
NLMK;D;080119;000000;150.9600000;151.3400000;149.6400000;150.1200000;3098010
NLMK;D;090119;000000;150.4800000;154.4600000;150.0800000;153.7800000;4029550
NLMK;D;100119;000000;153.5200000;154.1200000;152.2600000;154.1200000;1954940
NLMK;D;110119;000000;154.4600000;155.0800000;152.9000000;154.5000000;2977370
NLMK;D;140119;000000;154.0800000;154.1200000;151.6000000;152.2200000;2577300
NLMK;D;150119;000000;152.7800000;153.0800000;149.8400000;150.5800000;3216160
NLMK;D;160119;000000;150.8800000;151.4400000;149.4400000;150.6200000;3162350
NLMK;D;170119;000000;150.8800000;151.5200000;149.2800000;151.5000000;2510470
NLMK;D;180119;000000;151.9800000;152.4000000;151.2000000;152.1400000;1718690
NLMK;D;210119;000000;152.0000000;152.7000000;151.3000000;151.7200000;1332600
NLMK;D;220119;000000;151.7000000;151.7200000;149.0600000;149.9000000;4290150
NLMK;D;230119;000000;149.9000000;150.5600000;148.2200000;149.0800000;4300750
NLMK;D;240119;000000;148.7800000;148.9400000;144.7400000;146.7400000;5488480
NLMK;D;250119;000000;146.7400000;148.8200000;146.1400000;148.8200000;2645120
NLMK;D;280119;000000;149.0000000;149.7800000;148.1400000;149.7800000;2195920
NLMK;D;290119;000000;149.7800000;150.6800000;147.5000000;150.6800000;2732140
NLMK;D;300119;000000;150.2200000;153.6600000;149.6200000;153.1400000;4362470
NLMK;D;310119;000000;153.4000000;154.2600000;152.0200000;152.0200000;5655490
NLMK;D;010219;000000;152.9000000;157.2000000;152.2000000;157.2000000;6043320
NLMK;D;040219;000000;157.2000000;158.8000000;155.6800000;158.4200000;3388480
NLMK;D;050219;000000;158.0600000;158.9800000;157.1000000;158.4600000;2478450
NLMK;D;060219;000000;158.0400000;161.0000000;157.6000000;160.4200000;3129890
NLMK;D;070219;000000;160.1200000;161.1800000;157.8000000;159.0000000;5052520
NLMK;D;080219;000000;158.3400000;159.3400000;156.2600000;157.3400000;2668770
NLMK;D;110219;000000;156.7800000;158.9400000;156.7400000;157.6400000;2467740
NLMK;D;120219;000000;157.9000000;159.1000000;155.6000000;157.4000000;2344660
NLMK;D;130219;000000;157.8400000;157.9200000;154.8600000;154.8600000;2976790
NLMK;D;140219;000000;153.8800000;156.2600000;153.6800000;154.8600000;3602980
NLMK;D;150219;000000;155.1400000;157.9400000;155.1400000;157.2400000;2624700
NLMK;D;180219;000000;157.0400000;157.7000000;154.7600000;154.8600000;2057020
NLMK;D;190219;000000;155.0000000;155.4600000;152.7600000;153.9200000;2423040
NLMK;D;200219;000000;154.3000000;156.7800000;153.9600000;156.4800000;2937190
NLMK;D;210219;000000;156.4800000;156.5600000;154.5400000;155.9400000;1947550
NLMK;D;220219;000000;155.3200000;158.5000000;155.3200000;158.5000000;2272740
NLMK;D;250219;000000;158.3400000;160.5600000;158.0600000;159.4400000;2665620
NLMK;D;260219;000000;158.5200000;159.4800000;157.8400000;158.8600000;1873720
NLMK;D;270219;000000;158.8600000;159.8400000;156.5000000;158.6200000;2348870
NLMK;D;280219;000000;158.5200000;158.5400000;157.3200000;158.4400000;2134110
NLMK;D;010319;000000;157.9200000;158.3000000;156.5200000;157.7400000;1898470
NLMK;D;040319;000000;157.8000000;163.2000000;156.0800000;162.0400000;5545110
NLMK;D;050319;000000;161.9400000;167.2000000;161.2000000;166.1800000;7754160
NLMK;D;060319;000000;165.4600000;167.5000000;164.3000000;165.3600000;3485630
NLMK;D;070319;000000;164.7000000;165.5000000;163.2600000;165.5000000;2621930
NLMK;D;110319;000000;164.4800000;164.4800000;162.0800000;163.4400000;3859940
NLMK;D;120319;000000;163.5600000;163.9200000;162.2800000;163.3200000;2063840
NLMK;D;130319;000000;163.1400000;167.2200000;162.3000000;166.9000000;4484100
NLMK;D;140319;000000;165.2800000;167.4000000;164.6400000;166.3800000;3430550
NLMK;D;150319;000000;166.3000000;168.6400000;165.4000000;167.7000000;3450020
NLMK;D;180319;000000;167.0200000;171.2000000;166.2200000;170.7000000;3272680
NLMK;D;190319;000000;170.7000000;171.5200000;168.0400000;169.3000000;4362070
NLMK;D;200319;000000;168.8800000;169.3800000;167.0200000;167.6200000;2825120
NLMK;D;210319;000000;167.9200000;168.9200000;166.7800000;168.6400000;3495480
NLMK;D;220319;000000;168.6600000;168.8800000;166.0600000;166.7000000;3688940
NLMK;D;250319;000000;165.8600000;166.4800000;165.1000000;165.6000000;1812770
NLMK;D;260319;000000;165.7200000;168.1000000;164.5400000;167.8800000;2594770
NLMK;D;270319;000000;167.9200000;168.5000000;166.7000000;167.3000000;2187110
NLMK;D;280319;000000;167.2600000;170.8600000;167.0200000;170.2000000;3223420
NLMK;D;290319;000000;170.0200000;171.5800000;169.3200000;170.5000000;2708860
NLMK;D;010419;000000;170.6000000;173.9800000;170.2200000;172.5800000;2973680
NLMK;D;020419;000000;172.6200000;175.2200000;172.1200000;174.7000000;2588910
NLMK;D;030419;000000;174.7000000;175.7400000;172.7600000;172.8200000;2465760
NLMK;D;040419;000000;173.1200000;174.4000000;171.2600000;174.0000000;1972580
NLMK;D;050419;000000;174.0000000;175.3000000;173.5600000;173.9800000;1364230
NLMK;D;080419;000000;174.0200000;176.6800000;174.0200000;174.5200000;2485010
NLMK;D;090419;000000;174.3200000;175.3400000;171.6000000;172.4800000;2250900
NLMK;D;100419;000000;172.6800000;173.9600000;171.8200000;172.6600000;1802050
NLMK;D;110419;000000;172.5200000;172.9400000;167.8000000;168.4000000;3160290
NLMK;D;120419;000000;169.3800000;175.3800000;167.9200000;172.3400000;6661900
NLMK;D;150419;000000;172.7000000;173.3600000;168.1000000;168.5000000;2601930
NLMK;D;160419;000000;169.2000000;173.7000000;168.7000000;172.7000000;2703660
NLMK;D;170419;000000;173.3800000;174.5000000;171.3000000;171.4000000;1509450
NLMK;D;180419;000000;171.7600000;173.2600000;171.2600000;173.2600000;1183070
NLMK;D;190419;000000;173.0000000;174.4000000;172.9800000;174.3000000;718110
NLMK;D;220419;000000;174.5400000;174.9600000;173.6000000;174.5800000;742410
NLMK;D;230419;000000;175.0000000;176.3000000;170.6800000;171.5000000;3904690
NLMK;D;240419;000000;171.5000000;172.2000000;169.2000000;170.3800000;3830880
NLMK;D;250419;000000;170.3200000;171.7200000;169.4600000;170.3200000;2887890
NLMK;D;260419;000000;170.3200000;174.4000000;170.0200000;174.4000000;3282350
NLMK;D;290419;000000;174.0000000;175.1800000;170.9600000;170.9600000;3052360
NLMK;D;300419;000000;171.6000000;171.7800000;169.8400000;171.1000000;3287880
NLMK;D;020519;000000;170.9600000;175.1400000;170.1400000;175.0800000;6144440
NLMK;D;030519;000000;170.1200000;170.8400000;169.3000000;169.5000000;2969870
NLMK;D;060519;000000;169.4800000;170.3600000;168.0000000;170.3600000;2042350
NLMK;D;070519;000000;170.0000000;171.0000000;168.2000000;171.0000000;3005950
NLMK;D;080519;000000;170.6800000;170.6800000;168.0600000;168.6400000;3482270
NLMK;D;100519;000000;166.6800000;166.7000000;162.1800000;162.5800000;4376440
NLMK;D;130519;000000;162.7000000;164.2200000;159.4000000;159.5000000;3129870
NLMK;D;140519;000000;159.9200000;161.3400000;158.5600000;158.6800000;3583990
NLMK;D;150519;000000;159.0200000;160.9800000;158.0800000;158.5200000;2772100
NLMK;D;160519;000000;158.7200000;159.7600000;157.4200000;158.5800000;2442990
NLMK;D;170519;000000;158.4600000;159.0000000;156.4200000;156.4200000;2626870
NLMK;D;200519;000000;156.9600000;158.8600000;156.1000000;157.7800000;1951260
NLMK;D;210519;000000;158.6400000;161.9600000;157.2600000;161.2000000;3151900
NLMK;D;220519;000000;160.7000000;164.1000000;160.1200000;162.5000000;4435780
NLMK;D;230519;000000;162.4000000;163.2800000;160.4200000;160.6000000;3374370
NLMK;D;240519;000000;161.2200000;165.4800000;161.2200000;164.0000000;4723940
NLMK;D;270519;000000;163.9800000;165.0800000;163.4000000;164.8600000;1185770
NLMK;D;280519;000000;165.1200000;171.5000000;164.9400000;171.5000000;9041980
NLMK;D;290519;000000;170.6400000;171.3800000;169.4600000;170.7800000;2884960
NLMK;D;300519;000000;170.6000000;172.8800000;170.3600000;172.8800000;3359550
NLMK;D;310519;000000;172.1200000;172.3200000;169.7800000;172.3200000;2482680
NLMK;D;030619;000000;171.7800000;173.0000000;169.5400000;173.0000000;2750190
NLMK;D;040619;000000;173.0400000;174.6200000;171.5200000;172.2400000;2405630
NLMK;D;050619;000000;172.8800000;174.5800000;170.5400000;170.5400000;2871730
NLMK;D;060619;000000;170.5200000;174.5000000;169.6000000;173.6600000;2278660
NLMK;D;070619;000000;174.2000000;174.2000000;172.0400000;172.5200000;1692800
NLMK;D;100619;000000;172.8800000;174.1600000;172.2200000;173.2200000;1509480
NLMK;D;110619;000000;173.6400000;178.0200000;172.9600000;178.0200000;3895150
NLMK;D;130619;000000;177.6000000;183.1800000;177.1000000;182.0000000;5898970
NLMK;D;140619;000000;181.7600000;185.4200000;181.5400000;183.2000000;5094630
NLMK;D;170619;000000;183.0600000;183.9400000;181.8800000;182.0000000;5772020
NLMK;D;180619;000000;175.0400000;175.5400000;170.7600000;175.5400000;6015000
NLMK;D;190619;000000;175.8600000;178.2600000;172.0200000;173.1600000;3940640
NLMK;D;200619;000000;173.9800000;174.9800000;169.8800000;171.3800000;8630720
NLMK;D;210619;000000;171.1400000;171.7800000;169.2200000;171.7000000;5850750
NLMK;D;240619;000000;171.7800000;173.6800000;167.7800000;168.0000000;4571720
NLMK;D;250619;000000;168.0400000;171.0000000;167.6000000;170.9600000;6121480
NLMK;D;260619;000000;171.5000000;172.0000000;167.0000000;167.0000000;5980970
NLMK;D;270619;000000;167.7600000;170.9000000;167.6800000;170.5000000;4276310
NLMK;D;280619;000000;162.4000000;163.0000000;159.6400000;159.7000000;24540480
NLMK;D;010719;000000;160.9600000;161.3200000;158.6000000;159.0000000;6031000
NLMK;D;020719;000000;159.3200000;161.0800000;159.0400000;160.3800000;5407090
NLMK;D;030719;000000;160.7400000;160.7400000;157.6600000;157.6800000;10637620
NLMK;D;040719;000000;157.8800000;158.5000000;156.5200000;157.3000000;8784560
NLMK;D;050719;000000;157.5800000;158.0000000;156.3000000;156.8200000;4502370
NLMK;D;080719;000000;156.8000000;158.5200000;156.4000000;158.5200000;5410640
NLMK;D;090719;000000;158.5200000;158.8000000;157.0400000;157.6000000;6682620
NLMK;D;100719;000000;157.3800000;158.0400000;153.1200000;155.6400000;9222770
NLMK;D;110719;000000;156.3600000;156.5000000;151.2800000;152.5000000;7610720
NLMK;D;120719;000000;152.6200000;152.7800000;151.0200000;151.9200000;5000220
NLMK;D;150719;000000;152.5200000;154.7600000;151.9200000;154.1000000;5913950
NLMK;D;160719;000000;154.2200000;156.3800000;153.7000000;156.0000000;7261180
NLMK;D;170719;000000;155.7600000;156.6800000;155.0600000;156.3800000;4242710
NLMK;D;180719;000000;156.4000000;156.8000000;154.4200000;155.9600000;4736460
NLMK;D;190719;000000;156.4600000;156.7600000;155.5200000;155.5400000;5135620
NLMK;D;220719;000000;155.4800000;157.2800000;155.0600000;155.7000000;2965810
NLMK;D;230719;000000;156.4200000;156.9800000;155.4000000;156.1400000;2264620
NLMK;D;240719;000000;156.3800000;156.7400000;153.2800000;154.4800000;3683170
NLMK;D;250719;000000;154.2000000;154.6800000;153.1000000;154.1800000;2369620
NLMK;D;260719;000000;154.1000000;154.5000000;151.8000000;151.8000000;4736830
NLMK;D;290719;000000;152.0000000;152.3800000;149.8400000;151.4800000;5664240
NLMK;D;300719;000000;151.9200000;152.0000000;150.0200000;150.4800000;4047660
NLMK;D;310719;000000;150.7800000;151.5400000;150.0000000;150.9000000;4554930
NLMK;D;010819;000000;150.4400000;150.8800000;148.4200000;149.8200000;6156770
NLMK;D;020819;000000;148.7000000;149.2800000;146.4000000;147.2200000;6723740
NLMK;D;050819;000000;146.8000000;147.1600000;145.0000000;145.5400000;4381170
NLMK;D;060819;000000;145.6000000;146.8000000;144.8000000;144.8000000;4643780
NLMK;D;070819;000000;145.0000000;146.2400000;143.6400000;144.8800000;4210800
NLMK;D;080819;000000;145.2000000;146.1600000;144.5800000;144.5800000;3063730
NLMK;D;090819;000000;144.9600000;145.4000000;141.5600000;142.4600000;4708540
NLMK;D;120819;000000;142.7800000;143.7000000;141.8200000;143.5000000;3616640
NLMK;D;130819;000000;143.3800000;143.5000000;141.2200000;141.8000000;4520690
NLMK;D;140819;000000;142.6000000;142.6800000;138.8000000;141.3800000;7499980
NLMK;D;150819;000000;141.4800000;142.6800000;139.0200000;139.3400000;5492180
NLMK;D;160819;000000;140.0000000;140.4000000;138.0000000;138.3000000;3771160
NLMK;D;190819;000000;139.3000000;140.4400000;138.0600000;139.9000000;4266240
NLMK;D;200819;000000;140.0000000;140.7800000;139.0000000;140.0000000;3249940
NLMK;D;210819;000000;140.3800000;141.9400000;139.5200000;141.2400000;3800860
NLMK;D;220819;000000;141.1000000;142.2000000;140.3000000;140.7600000;4480490
NLMK;D;230819;000000;141.0000000;143.0000000;140.8000000;142.4000000;4594770
NLMK;D;260819;000000;141.3000000;143.2000000;140.8800000;142.1400000;1976180
NLMK;D;270819;000000;142.2600000;144.0000000;141.7000000;143.2600000;7455800
NLMK;D;280819;000000;143.2000000;144.7400000;143.0000000;143.5600000;3930610
NLMK;D;290819;000000;143.6600000;146.9200000;143.3800000;146.3000000;5391150
NLMK;D;300819;000000;146.2000000;148.8400000;144.5000000;148.8400000;5166720
NLMK;D;020919;000000;148.8000000;149.6200000;147.2200000;147.7000000;3769420
NLMK;D;030919;000000;147.7000000;147.7000000;143.8200000;144.0000000;6857000
NLMK;D;040919;000000;144.5600000;145.6200000;143.0200000;144.0000000;6088250
NLMK;D;050919;000000;144.1200000;145.4800000;144.0400000;145.4400000;4868130
NLMK;D;060919;000000;145.6000000;147.7000000;144.5800000;146.6600000;4327210
NLMK;D;090919;000000;147.6600000;149.0000000;146.6600000;149.0000000;5528160
NLMK;D;100919;000000;149.0400000;149.4400000;147.3400000;148.9800000;3170220
NLMK;D;110919;000000;148.8000000;150.9600000;148.5000000;149.9600000;4423950
NLMK;D;120919;000000;149.9200000;150.4000000;146.8200000;147.7600000;6149130
NLMK;D;130919;000000;147.2200000;148.4600000;145.6800000;148.4600000;4370340
NLMK;D;160919;000000;148.2400000;149.0000000;146.6600000;148.9000000;4955440
NLMK;D;170919;000000;148.7000000;149.7800000;148.1400000;149.1800000;5971800
NLMK;D;180919;000000;149.3800000;150.3600000;146.2800000;146.9600000;8053780
NLMK;D;190919;000000;146.9600000;147.6000000;144.0400000;144.6800000;9005930
NLMK;D;200919;000000;144.7600000;145.2600000;143.0600000;144.7000000;7235350
NLMK;D;230919;000000;144.9400000;145.2200000;142.1000000;142.4000000;6227240
NLMK;D;240919;000000;142.7200000;144.4000000;142.1400000;142.6800000;3723140
NLMK;D;250919;000000;142.3800000;142.5200000;140.1200000;141.0800000;6028800
NLMK;D;260919;000000;141.1800000;142.3400000;141.0000000;141.6800000;3228540
NLMK;D;270919;000000;141.3000000;142.7000000;141.1400000;141.9800000;2915410
NLMK;D;300919;000000;142.0600000;142.5600000;140.4200000;142.2200000;3697650
NLMK;D;011019;000000;142.3000000;142.5600000;140.3200000;140.6000000;4262930
NLMK;D;021019;000000;140.6000000;140.8200000;136.0600000;136.5000000;11455900
NLMK;D;031019;000000;136.5200000;136.6200000;133.1000000;134.0000000;11594940
NLMK;D;041019;000000;134.2600000;135.2000000;130.9000000;131.8800000;8515880
NLMK;D;071019;000000;132.4400000;132.9800000;129.7400000;131.4200000;8400160
NLMK;D;081019;000000;131.6200000;133.1400000;130.7000000;131.5800000;6698660
NLMK;D;091019;000000;128.1000000;129.2600000;127.3800000;128.0000000;7470310
NLMK;D;101019;000000;128.0200000;131.5400000;127.1600000;130.9400000;5502120
NLMK;D;111019;000000;131.1000000;131.2000000;129.8400000;130.0400000;4008280
NLMK;D;141019;000000;130.6400000;131.5000000;128.1400000;129.0600000;5109660
NLMK;D;151019;000000;129.1800000;129.4800000;124.3000000;125.5200000;10396970
NLMK;D;161019;000000;125.6200000;129.0200000;125.6000000;128.5600000;5639170
NLMK;D;171019;000000;128.7000000;129.8000000;128.1600000;129.4000000;4281910
NLMK;D;181019;000000;129.5200000;129.7800000;127.6000000;128.8000000;5064820
NLMK;D;211019;000000;129.0000000;129.4800000;125.7200000;126.6000000;6407970
NLMK;D;221019;000000;126.6000000;127.4600000;125.2800000;126.6200000;5219520
NLMK;D;231019;000000;126.6200000;127.1600000;124.9800000;126.0000000;5785310
NLMK;D;241019;000000;126.0000000;126.5000000;124.3200000;125.0000000;7552720
NLMK;D;251019;000000;124.8800000;124.9800000;122.1600000;123.4200000;9691360
NLMK;D;281019;000000;123.2000000;125.6600000;122.7000000;124.4600000;5689250
NLMK;D;291019;000000;124.5400000;129.2000000;124.2600000;129.2000000;8653260
NLMK;D;301019;000000;129.2000000;129.2000000;126.9000000;127.5000000;4499870
NLMK;D;311019;000000;127.4000000;129.0000000;125.0400000;125.0400000;7900420
NLMK;D;011119;000000;125.5000000;126.1400000;124.3200000;126.1400000;5148460
NLMK;D;051119;000000;127.0000000;129.0200000;126.7400000;129.0200000;7185800
NLMK;D;061119;000000;129.0000000;131.6000000;129.0000000;131.2000000;8398250
NLMK;D;071119;000000;131.3200000;133.7000000;129.9200000;133.2200000;8781090
NLMK;D;081119;000000;133.0000000;133.1000000;130.8400000;131.0400000;6199420
NLMK;D;111119;000000;130.8000000;132.5000000;128.6000000;128.9400000;5451300
NLMK;D;121119;000000;128.7000000;130.1000000;128.0400000;129.3000000;3697190
NLMK;D;131119;000000;129.4400000;129.6600000;127.6800000;129.2000000;3989580
NLMK;D;141119;000000;128.9000000;129.4000000;125.8000000;125.9400000;7800280
NLMK;D;151119;000000;126.1800000;127.6600000;126.1000000;126.6400000;4459980
NLMK;D;181119;000000;127.0400000;128.2200000;125.9200000;126.7200000;4675920
NLMK;D;191119;000000;126.9600000;128.5800000;126.4000000;128.5800000;5144440
NLMK;D;201119;000000;128.0800000;129.1800000;127.4400000;128.2600000;3340950
NLMK;D;211119;000000;127.9200000;128.0800000;126.1200000;126.4800000;5664120
NLMK;D;221119;000000;126.5400000;128.1000000;126.1400000;127.8200000;3539240
NLMK;D;251119;000000;128.3400000;131.1000000;128.0800000;130.9000000;5446760
NLMK;D;261119;000000;130.3600000;132.4600000;127.8600000;128.1800000;11578290
NLMK;D;271119;000000;128.5600000;129.3800000;127.7200000;127.8000000;4681310
NLMK;D;281119;000000;127.9000000;129.2800000;126.9000000;128.3000000;3482250
NLMK;D;291119;000000;128.4200000;129.4200000;127.7000000;129.4200000;3451270
NLMK;D;021219;000000;129.5600000;133.2600000;129.3000000;131.5200000;12195890
NLMK;D;031219;000000;131.8400000;131.9200000;127.6000000;128.0400000;10866880
NLMK;D;041219;000000;128.3000000;129.3800000;127.6200000;128.8600000;3294510
NLMK;D;051219;000000;128.9000000;132.8000000;128.0400000;131.8000000;10990270
NLMK;D;061219;000000;132.0400000;133.0000000;130.8400000;133.0000000;5359600
NLMK;D;091219;000000;132.9600000;133.5800000;132.5800000;132.8400000;4107980
NLMK;D;101219;000000;133.0000000;133.1800000;131.5200000;132.8000000;4589240
NLMK;D;111219;000000;132.8000000;135.0000000;132.4600000;133.9000000;7400870
NLMK;D;121219;000000;134.0600000;136.8200000;133.7200000;135.4600000;7866040
NLMK;D;131219;000000;136.1000000;137.9800000;135.9000000;137.9000000;12888050
NLMK;D;161219;000000;137.7200000;139.6000000;137.5600000;139.1600000;7689740
NLMK;D;171219;000000;139.2000000;139.9000000;137.1200000;139.4000000;7786670
NLMK;D;181219;000000;139.1800000;139.9000000;138.1000000;139.9000000;6000550
NLMK;D;191219;000000;139.8800000;142.7000000;138.7600000;141.2200000;11085850
